"name","email","password_hash"
"Arun Das","arun@email.com","pass"
"Mitali Bora","mitali@email.com","pass"
"Rahul Sharma","rahul@email.com","pass"
"Ananya Singh","ananya@email.com","pass"
"Rohit Kumar","rohit@email.com","pass"
"Priya Devi","priya@email.com","pass"
"Aman Gupta","aman@email.com","pass"
"Ritika Sharma","ritika@email.com","pass"
"Sneha Dutta","sneha@email.com","pass"
"Aditya Paul","aditya@email.com","pass"
"Neha Jain","neha@email.com","pass"
"Arvind Kumar","arvind@email.com","pass"
"Tina Das","tina@email.com","pass"
"Rahul Das","rahuld@email.com","pass"
"Karan Sharma","karan@email.com","pass"
"Mohan Bora","mohan@email.com","pass"
"Simran Kaur","simran@email.com","pass"
"Nikhil Jain","nikhil@email.com","pass"
"Ankit Gupta","ankit@email.com","pass"
"Priyanka Das","priyanka@email.com","pass"